RepoName,#Stars,#Watchers,InspectionTime,LastActivityTime,#ContractFiles
OpenZeppelin/openzeppelin-contracts,8304,453,2020-08-11 20:29:28.085559,2020-08-11T14:56:16Z,114
JoinColony/colonyNetwork,332,34,2020-08-11 20:37:16.222647,2020-07-31T02:04:44Z,62
Synthetixio/synthetix,176,35,2020-08-11 20:40:32.831969,2020-08-11T09:00:54Z,122
sc-forks/solidity-coverage,387,13,2020-08-11 20:47:22.669467,2020-08-06T07:42:10Z,118
ethereum-ts/TypeChain,585,26,2020-08-11 20:48:20.299663,2020-08-10T13:51:34Z,14
poanetwork/tokenbridge-contracts,57,5,2020-08-11 20:48:58.265966,2020-08-03T15:21:36Z,157
dice2-win/contracts,59,4,2020-08-11 20:50:00.098166,2020-07-30T06:41:42Z,1
blockchainsllc/smart-contract,149,49,2020-08-11 20:50:08.740238,2020-07-28T07:57:52Z,4
SetProtocol/set-protocol-contracts,136,19,2020-08-11 20:51:08.299312,2020-08-11T09:09:11Z,164
eshon/conference,170,13,2020-08-11 20:51:43.788602,2020-07-24T07:29:47Z,2
Uniswap/uniswap-v2-core,170,29,2020-08-11 20:53:03.831907,2020-08-11T12:14:28Z,12
ConsenSys/Stow-Smart-Contracts,58,22,2020-08-11 20:57:20.140205,2020-06-17T05:06:25Z,12
raiden-network/raiden-contracts,39,16,2020-08-11 20:58:40.144264,2020-08-05T19:33:37Z,36
enjin/erc-1155,123,25,2020-08-11 20:58:49.084843,2020-08-06T02:45:26Z,20
LoopringSecondary/protocol,217,60,2020-08-11 20:59:05.749380,2020-07-02T19:36:57Z,22
gnosis/pm-contracts,145,15,2020-08-11 21:09:03.532151,2020-08-04T09:20:10Z,28
truffle-box/metacoin-box,60,2,2020-08-11 21:26:54.779413,2020-07-10T05:38:09Z,4
EthWorks/Waffle,221,7,2020-08-11 21:27:14.783001,2020-07-30T23:24:30Z,56
forkdelta/smart_contract,21,6,2020-08-11 21:27:28.437643,2019-06-17T22:50:57Z,5
Fantom-foundation/tokensale,33,17,2020-08-11 21:27:46.400509,2020-04-27T06:14:36Z,4
theabyssportal/DAICO-Smart-Contract,94,25,2020-08-11 21:27:59.703819,2020-08-04T09:22:14Z,23
gongbell/ContractFuzzer,72,10,2020-08-11 21:51:32.107643,2020-08-03T13:26:12Z,0
maticnetwork/contracts,81,25,2020-08-11 21:51:56.405458,2020-08-08T06:41:49Z,94
OpenZeppelin/openzeppelin-test-helpers,135,12,2020-08-11 21:52:24.184890,2020-08-10T22:58:18Z,10
eth-sri/securify,167,10,2020-08-11 21:52:51.555199,2020-08-04T12:48:26Z,137
paxosglobal/pax-contracts,53,23,2020-08-11 21:53:20.184564,2020-07-23T17:23:43Z,14
HydroProtocol/protocol,67,10,2020-08-11 21:53:42.091221,2020-07-30T11:37:10Z,48
InstaDApp/smart-contract,40,3,2020-08-11 21:54:59.279567,2020-08-10T19:56:29Z,56
gnosis/dx-contracts,43,7,2020-08-11 21:56:02.500401,2020-02-18T14:33:46Z,37
dappuniversity/eth-todo-list,80,11,2020-08-11 21:56:13.387814,2020-08-05T01:22:18Z,2
OpenBazaar/smart-contracts,43,6,2020-08-11 21:56:36.143754,2020-05-06T22:54:07Z,10
ConsenSys/ERC1400,139,18,2020-08-11 21:57:18.115202,2020-07-24T05:31:10Z,28
comaeio/porosity,776,60,2020-08-11 21:58:24.630734,2020-06-29T08:21:03Z,1
Firstbloodio/token,126,8,2020-08-11 21:59:42.114198,2020-06-21T08:24:20Z,2
SwissRealCoin/src-token,57,57,2020-08-11 22:00:02.447671,2020-03-18T13:49:34Z,13
tronprotocol/tron-contracts,31,5,2020-08-11 22:00:26.805868,2020-06-23T15:58:59Z,10
pbrudny/learning-solidity-2018,57,8,2020-08-11 22:01:56.629045,2020-07-13T10:49:55Z,12
singnet/platform-contracts,65,23,2020-08-11 22:02:39.478829,2020-08-07T01:45:35Z,5
Bunjin/Rouleth,74,6,2020-08-11 22:02:56.556863,2020-07-23T17:03:50Z,1
zincwork/contracts,56,34,2020-08-11 22:04:03.351171,2020-04-07T10:24:33Z,11
anshulshah96/CrowdBank,66,12,2020-08-11 22:04:27.882278,2020-07-18T19:17:41Z,3
dappuniversity/ico_irl,34,4,2020-08-11 22:04:41.470907,2020-06-02T06:03:57Z,3
Uniswap/uniswap-v2-periphery,64,19,2020-08-11 22:04:59.056341,2020-08-10T06:18:57Z,21
teamnsrg/erays,59,10,2020-08-11 22:05:08.079767,2020-07-02T01:17:25Z,1
raineorshine/solgraph,582,27,2020-08-11 22:05:17.020289,2020-07-10T11:56:29Z,15
PeterBorah/smart-contract-security-examples,50,1,2020-08-11 22:05:34.114326,2020-07-11T07:59:06Z,8
ProjectWyvern/wyvern-ethereum,47,5,2020-08-11 22:06:47.482262,2019-12-13T08:35:04Z,29
fravoll/solidity-patterns,401,39,2020-08-11 22:07:07.116937,2020-08-06T16:26:02Z,20
matter-labs/web3swift,184,16,2020-08-11 22:08:26.754126,2020-08-11T08:52:24Z,4
makerdao/developerguides,215,42,2020-08-11 22:08:46.106175,2020-08-10T18:32:56Z,2
PegaSysEng/permissioning-smart-contracts,17,4,2020-08-11 22:09:07.048993,2020-08-03T23:10:48Z,16
ampleforth/uFragments,55,9,2020-08-11 22:20:16.620948,2020-08-10T03:43:31Z,14
cjgdev/smart-contract-patterns,55,2,2020-08-11 22:20:33.373167,2019-10-17T09:47:30Z,20
slim12kg/tokenzendr-contract,23,2,2020-08-11 22:21:05.868591,2020-06-23T22:25:59Z,4
authereum/contracts,22,5,2020-08-11 22:21:22.522317,2020-08-03T06:49:56Z,55
sc0Vu/web3.php,463,37,2020-08-11 22:22:03.461523,2020-08-04T06:42:19Z,2
IBM/loyalty-points-evm-fabric,34,9,2020-08-11 22:22:24.761591,2020-07-21T02:03:45Z,1
gnosis/dex-contracts,40,9,2020-08-11 22:22:39.875201,2020-08-11T02:47:12Z,9
ConsenSys/eventeum,226,20,2020-08-11 22:22:55.509181,2020-08-08T00:16:35Z,1
dapphub/klab,83,18,2020-08-11 22:23:23.503477,2020-08-06T18:52:48Z,7
2key/contracts,27,9,2020-08-11 22:31:40.285278,2020-08-11T11:35:27Z,174
dapperlabs/dapper-contracts,37,11,2020-08-11 22:31:55.119373,2020-05-23T05:23:18Z,28
vittominacori/erc20-generator,86,8,2020-08-11 22:32:54.586725,2020-08-10T11:12:54Z,5
FourthState/plasma-mvp-rootchain,76,8,2020-08-11 22:33:11.681814,2020-08-03T10:19:15Z,10
HAECHI-LABS/vvisp,90,20,2020-08-11 22:33:30.911714,2020-07-13T08:40:51Z,25
ConsenSys/truffle-security,104,27,2020-08-11 22:33:42.218805,2020-08-06T08:01:09Z,13
InstaDApp/InstaContract,31,2,2020-08-11 22:34:04.229979,2020-07-09T23:32:40Z,14
alastria/alastria-identity,27,31,2020-08-11 22:34:36.545140,2020-08-07T10:59:53Z,12
truechain/smart-contracts-lib,18,4,2020-08-11 22:34:48.015289,2019-09-04T02:42:59Z,1
b-mueller/sabre,33,4,2020-08-11 22:36:02.210861,2020-06-22T07:38:57Z,16
mstable/mStable-contracts,44,3,2020-08-11 22:36:15.044375,2020-08-11T07:52:17Z,75
tomochain/ico-contracts,13,8,2020-08-11 22:36:41.603611,2020-05-28T08:57:43Z,3
DecenterApps/defisaver-contracts,16,5,2020-08-11 22:37:04.790920,2020-08-11T12:02:31Z,157
NexusMutual/smart-contracts,22,4,2020-08-11 22:37:53.899438,2020-08-07T13:34:23Z,56
gnosis/conditional-tokens-contracts,45,8,2020-08-11 22:38:16.557502,2020-08-10T17:02:26Z,12
nomiclabs/buidler,325,24,2020-08-11 22:39:44.049686,2020-08-05T14:44:43Z,572
ravidsrk/smart-contract-starter,45,1,2020-08-11 22:39:54.189412,2020-01-12T10:19:59Z,2
eth-brownie/brownie,190,10,2020-08-11 22:40:33.460935,2020-08-07T18:27:25Z,4
0xcert/erc721-validator,14,3,2020-08-11 22:40:56.554154,2020-06-28T10:28:17Z,2
ConsenSys/mythril,1396,57,2020-08-11 22:44:48.177933,2020-08-10T00:31:51Z,29
InstaDApp/dsa-contracts,11,4,2020-08-11 22:45:03.078649,2020-07-31T20:52:46Z,9
biocrypto/decentralized-neuoscience-research-smart-contracts,39,7,2020-08-11 22:45:16.674741,2019-10-02T07:20:00Z,2
keep-network/keep-core,28,13,2020-08-11 22:45:49.814648,2020-08-11T13:08:11Z,74
PacktPublishing/Ethereum-Smart-Contract-Development,13,5,2020-08-11 22:46:34.352051,2020-06-15T19:31:57Z,11
Fairmint/c-org,25,8,2020-08-11 22:47:10.456701,2020-08-11T00:08:25Z,15
ethereum/act,24,10,2020-08-11 22:47:55.159373,2020-08-11T15:48:59Z,6
CyberMiles/smart_contracts,14,6,2020-08-11 22:48:34.867461,2020-05-07T15:13:32Z,36
dappuniversity/social-network,29,6,2020-08-11 22:48:50.482748,2020-07-19T18:26:05Z,2
enigmampc/secret-contracts,16,7,2020-08-11 22:49:22.913377,2020-07-16T22:17:03Z,13
bl4ck5un/Town-Crier,97,26,2020-08-11 22:49:59.889936,2020-08-07T03:57:43Z,8
WrappedBTC/bitcoin-token-smart-contracts,27,5,2020-08-11 22:50:27.112276,2020-07-14T00:39:24Z,14
lukso-network/rICO-smart-contracts,25,7,2020-08-11 22:51:33.626809,2020-07-29T22:41:26Z,101
poanetwork/posdao-contracts,37,8,2020-08-11 22:51:57.239143,2020-06-26T08:14:18Z,49
ajsantander/pocketh,61,2,2020-08-11 22:52:09.086657,2020-06-25T13:13:07Z,12
Luker501/SmartContractInteractions,21,0,2020-08-11 22:52:17.714013,2019-05-03T18:31:03Z,6
ByteHeroes/herocoin,32,10,2020-08-11 22:52:41.651327,2020-07-24T11:35:20Z,9
dreamteam-gg/smart-contracts,19,6,2020-08-11 22:52:54.340500,2020-05-17T22:03:55Z,14
xilibi2003/learnSmartContractByToken,15,3,2020-08-11 22:53:06.035265,2020-04-21T16:30:11Z,6
EthWorks/Doppelganger,58,6,2020-08-11 22:53:27.196946,2020-08-03T11:41:38Z,3
Tenderly/tenderly-cli,96,8,2020-08-11 22:53:37.784821,2020-08-06T12:42:00Z,2
zenswapnetwork/smart-contract,68,7,2020-08-11 22:53:47.619456,2019-07-28T11:56:15Z,5
enigmampc/smart_contract_marketplace,20,4,2020-08-11 22:54:14.454485,2020-02-10T04:05:09Z,33
smartbugs/smartbugs,40,7,2020-08-11 22:54:24.853320,2020-08-04T15:00:53Z,143
Fankouzu/smart-contract,18,2,2020-08-11 22:54:36.472956,2020-08-03T07:51:00Z,13
streamity/stm-smartcontract,12,5,2020-08-11 22:54:53.693678,2018-09-20T09:15:14Z,12
BANKEX/PlasmaParentContract,44,7,2020-08-11 22:55:43.814058,2020-06-26T00:24:38Z,12
crytic/building-secure-contracts,60,5,2020-08-11 22:56:06.766181,2020-08-10T17:55:33Z,26
SocialMediaMarket/SocialMediaMarket_token_smart_contract,20,11,2020-08-11 22:56:17.806320,2018-07-23T14:36:43Z,2
rhlsthrm/typescript-solidity-dev-starter-kit,56,6,2020-08-11 22:56:44.415978,2020-08-10T13:53:13Z,1
HQ20/contracts,35,6,2020-08-11 22:56:58.410322,2020-08-11T11:47:21Z,52
blockmason/credit-protocol,27,13,2020-08-11 22:57:11.720946,2019-07-18T17:33:04Z,3
hanzoai/solidity,46,19,2020-08-11 22:57:40.047858,2020-04-13T11:55:54Z,9
monerium/smart-contracts,15,3,2020-08-11 22:57:56.685326,2020-01-20T15:26:30Z,25
airswap/airswap-protocols,34,6,2020-08-11 22:58:12.010165,2020-08-06T20:25:15Z,58
Bitbrackets/bitbrackets_smart_contracts,12,4,2020-08-11 22:58:23.857869,2018-10-15T12:48:16Z,27
TotlePlatform/contracts,29,12,2020-08-11 22:58:40.815544,2020-06-03T22:24:23Z,38
tintinweb/smart-contract-sanctuary,26,5,2020-08-11 23:17:41.006539,2020-07-20T07:25:03Z,57483
OpenST/brandedtoken-contracts,13,16,2020-08-11 23:17:55.316995,2019-10-19T08:52:27Z,20
Quillhash/upradeableToken,15,2,2020-08-11 23:18:05.242632,2020-05-23T04:02:22Z,9
brickblock-io/smart-contracts,17,9,2020-08-11 23:18:38.089783,2020-01-08T05:57:11Z,45
dydxprotocol/protocol_v1,139,17,2020-08-11 23:18:52.726211,2020-06-26T00:23:31Z,132
codex-protocol/contract.codex-registry,17,7,2020-08-11 23:19:19.878328,2020-06-19T16:56:15Z,44
ubex-ai/ubex-smart-contracts,37,14,2020-08-11 23:19:28.756382,2019-10-25T19:13:17Z,6
atonomi/smart-contracts,11,13,2020-08-11 23:19:39.290985,2020-08-09T03:27:32Z,8
skiral/gilgamesh-token-contract,19,6,2020-08-11 23:20:15.787762,2019-03-04T09:45:49Z,11
ripio/rcn-network,75,24,2020-08-11 23:20:40.001188,2020-05-18T18:06:48Z,51
somish/govblocks-protocol,28,4,2020-08-11 23:21:36.860708,2020-08-08T03:06:49Z,25
adamyala/Your_First_Decentralized_Application_Python,131,10,2020-08-11 23:21:55.931106,2020-08-10T00:37:21Z,1
ethersphere/swap-swear-and-swindle,24,17,2020-08-11 23:22:07.279014,2020-08-10T12:36:41Z,3
immutable/platform-contracts,13,6,2020-08-11 23:22:34.434813,2020-08-07T01:09:50Z,71
agreements-network/blackstone,35,4,2020-08-11 23:25:28.634139,2020-08-06T14:35:42Z,208
unchained-capital/ethereum-multisig,57,12,2020-08-11 23:25:49.326004,2020-04-30T14:08:55Z,2
renproject/darknode-sol,64,19,2020-08-11 23:26:13.550059,2020-08-07T13:52:24Z,40
OpenZeppelin/openzeppelin-test-environment,41,9,2020-08-11 23:26:26.099426,2020-08-06T06:32:51Z,6
tooploox/ipfs-eth-database,33,2,2020-08-11 23:26:36.998108,2020-07-16T18:40:14Z,4
paritytech/pallet-contracts-waterfall,16,5,2020-08-11 23:26:53.643517,2020-08-05T09:48:08Z,3
axieinfinity/public-smart-contracts,15,3,2020-08-11 23:27:08.839427,2020-08-08T09:25:07Z,25
hyperledger-labs/private-data-objects,52,13,2020-08-11 23:27:30.405070,2020-08-10T22:59:18Z,1
pertsev/web3_utilz,30,6,2020-08-11 23:28:11.124242,2020-05-17T23:30:02Z,3
NFhbar/Ethereum-Medical-Records,21,1,2020-08-11 23:28:27.161163,2020-07-16T18:39:28Z,14
enigmampc/enigma-contract,21,13,2020-08-11 23:29:48.818328,2020-08-05T02:15:21Z,25
smartift/smartift-contract,11,4,2020-08-11 23:30:19.168630,2019-04-17T17:32:49Z,12
near/near-evm,18,22,2020-08-11 23:30:30.540477,2020-08-07T23:30:49Z,3
hubiinetwork/nahmii-contracts,13,9,2020-08-11 23:30:52.726682,2020-02-10T13:39:33Z,142
adrianmcli/eth95,98,2,2020-08-11 23:31:15.144537,2020-08-01T19:49:22Z,8
cardstack/cardstack-token,17,5,2020-08-11 23:31:54.872101,2020-07-01T17:41:11Z,18
etherisc/tokensale,17,10,2020-08-11 23:32:15.925690,2019-08-16T05:56:23Z,19
orbs-network/orbs-contract-sdk,16,8,2020-08-11 23:32:30.704568,2020-07-06T13:54:40Z,2
trustlines-protocol/contracts,18,4,2020-08-11 23:32:48.578746,2020-07-22T11:20:13Z,27
keep-network/keep-ecdsa,20,17,2020-08-11 23:33:16.851088,2020-08-11T10:10:27Z,23
airbloc/token,15,3,2020-08-11 23:33:48.578144,2020-06-19T07:17:44Z,9
figs999/Ethereum,55,5,2020-08-11 23:34:00.733158,2020-07-28T16:41:46Z,6
stakewise/contracts,10,2,2020-08-11 23:34:10.713856,2020-08-10T14:15:06Z,22
DAVFoundation/contracts,10,2,2020-08-11 23:34:19.356922,2020-01-01T09:57:20Z,7
soohoio/sooho,39,5,2020-08-11 23:34:34.144111,2020-05-06T09:41:27Z,3
ConsenSys/mythx-playground,27,29,2020-08-11 23:35:00.178211,2020-07-10T02:12:37Z,16
block42-blockchain-company/smart-wedding-contract,29,4,2020-08-11 23:35:10.435929,2020-07-13T05:15:48Z,2
dydxprotocol/perpetual,32,4,2020-08-11 23:36:12.725030,2020-08-07T20:53:38Z,56
identity-com/smart-contracts,31,9,2020-08-11 23:36:25.424824,2020-06-25T12:40:49Z,23
devery/devery_contracts,12,7,2020-08-11 23:36:55.751349,2020-03-14T23:03:59Z,7
terra0project/source,63,18,2020-08-11 23:37:45.087442,2020-06-04T17:05:56Z,24
su-squares/ethereum-contract,10,4,2020-08-11 23:39:47.689122,2019-08-07T02:47:31Z,27
NuoNetwork/nuo-audited-contracts,13,2,2020-08-11 23:40:04.202923,2020-04-08T21:45:48Z,37
cryptofinlabs/bskt,25,6,2020-08-11 23:40:53.255529,2020-06-09T08:07:24Z,7
thirdplanetio/tp-eth-hello,10,5,2020-08-11 23:41:05.474185,2018-09-20T16:21:30Z,2
hackingbeauty/react-dapp-boilerplate,38,4,2020-08-11 23:41:17.113398,2020-07-29T15:18:12Z,3
rstormsf/multisender,131,10,2020-08-11 23:41:34.299054,2020-08-08T13:46:07Z,16
KyberNetwork/bridge_eth_smart_contracts,13,3,2020-08-11 23:41:50.765234,2020-07-21T13:57:27Z,4
DexyProject/protocol,17,8,2020-08-11 23:42:16.003729,2019-09-20T16:04:47Z,16
netgum/archanova-contracts,18,7,2020-08-11 23:43:15.783572,2020-05-28T18:23:38Z,16
citahub/cita-sdk-java,20,11,2020-08-11 23:43:45.488022,2020-08-09T02:58:06Z,19
explorecatena/catena-contract,12,2,2020-08-11 23:44:02.085835,2019-09-25T07:21:24Z,4
levelkdev/registry-builder,26,4,2020-08-11 23:44:14.850384,2020-08-02T06:42:12Z,19
rkalis/truffle-assertions,91,5,2020-08-11 23:45:04.097811,2020-08-03T06:47:15Z,2
rkalis/truffle-plugin-verify,67,1,2020-08-11 23:46:37.601451,2020-07-29T05:53:40Z,3
Upstake/smart-contract,17,9,2020-08-11 23:46:59.705482,2019-08-26T03:17:19Z,18
district0x/district-server-smart-contracts,10,4,2020-08-11 23:48:11.380495,2020-04-08T15:50:24Z,4
TovarishFin/crypto-weddings-contracts,14,1,2020-08-11 23:48:37.726780,2020-05-02T13:14:49Z,10
ampleforth/market-oracle,16,7,2020-08-11 23:48:45.907911,2020-08-10T21:01:14Z,3
smartbugs/smartbugs-wild,12,5,2020-08-11 23:53:47.175385,2020-08-04T07:24:41Z,47398
rate-engineering/rate3-monorepo,19,8,2020-08-11 23:54:01.191041,2020-06-23T16:37:00Z,85
Giveth/common-contract-deps,14,6,2020-08-11 23:54:17.234815,2019-07-05T05:57:26Z,7
ethfinex/efx-api-node,19,4,2020-08-11 23:54:36.922387,2020-02-14T10:38:30Z,3
deconet/DeconetSmartContracts,10,3,2020-08-11 23:55:10.722277,2019-12-29T06:14:25Z,121
theabyssportal/Old-Smart-Contract,10,3,2020-08-11 23:55:24.044742,2018-06-16T17:55:54Z,1
levelkdev/fcr-contracts,13,1,2020-08-11 23:55:35.908298,2020-05-28T23:22:13Z,24
gordonpace/contractLarva,16,5,2020-08-11 23:55:50.589781,2020-05-15T07:59:49Z,16
mrice/solidity-legal-contracts,12,5,2020-08-11 23:56:16.274524,2020-01-01T08:33:40Z,3
cryptofinlabs/cryptofin-solidity,59,6,2020-08-11 23:56:26.319991,2020-07-31T11:42:56Z,11
MyBitFoundation/MyBit-Network.tech,17,9,2020-08-11 23:57:25.148039,2020-07-29T19:08:50Z,86
lsaether/bonding-curves,15,2,2020-08-11 23:57:40.972697,2020-07-13T16:09:24Z,14
lition-blockchain/energy-use-case-contracts,11,4,2020-08-11 23:58:04.563056,2020-07-07T15:02:26Z,3
VeraBE/VeriMan,23,6,2020-08-11 23:58:18.112172,2020-08-11T03:07:42Z,4
EspeoBlockchain/gardener-smart-contracts,15,4,2020-08-11 23:59:06.797600,2020-02-20T04:29:58Z,14
clrfund/monorepo,11,8,2020-08-11 23:59:30.750517,2020-08-10T17:26:03Z,6
iExecBlockchainComputing/PoCo,16,13,2020-08-12 00:00:21.368239,2020-08-04T01:57:55Z,48
fission-suite/fission-codes,26,5,2020-08-12 00:00:32.717654,2020-05-28T23:08:18Z,10
ProjectOpenSea/ethmoji-contracts,15,5,2020-08-12 00:00:42.495305,2019-01-11T09:15:45Z,7
bandprotocol/contracts,81,7,2020-08-12 00:02:20.452195,2020-06-17T10:45:16Z,46
AntoineRondelet/zerocash-ethereum,15,4,2020-08-12 00:02:31.949833,2020-06-20T07:46:33Z,2
STKtoken/STK-smart-contracts,14,5,2020-08-12 00:03:09.670014,2019-11-14T22:30:51Z,7
Proof-Of-Humanity/Proof-Of-Humanity,21,2,2020-08-12 00:03:21.934529,2020-08-09T06:08:11Z,5
pixowl/thesandbox-contracts,10,7,2020-08-12 00:03:44.005580,2020-07-17T07:43:02Z,73
artemii235/etomic-swap,28,5,2020-08-12 00:03:54.249787,2020-03-26T06:20:44Z,3
specron/framework,28,1,2020-08-12 00:04:09.939519,2020-05-04T11:22:15Z,9
Aniket-Engg/sol-verifier,14,0,2020-08-12 00:04:25.362348,2020-03-10T15:09:03Z,15
dragonereum/dragonereum-contracts,11,5,2020-08-12 00:05:37.157399,2019-11-10T08:40:42Z,71
RadioYoFM/ICO_smartcontract,16,7,2020-08-12 00:06:54.016753,2018-07-16T12:22:29Z,3
tZERO-dev/T0ken,53,15,2020-08-12 00:08:00.460823,2020-07-28T17:36:47Z,46
Charterhouse/pysnark,43,8,2020-08-12 00:10:07.584660,2020-08-09T11:31:24Z,1
trufflesuite/drizzle-utils,36,7,2020-08-12 00:11:11.977235,2020-07-24T19:53:19Z,16
Oneledger/OLT,20,7,2020-08-12 00:11:23.634555,2019-09-23T14:54:03Z,4
PumpkingWok/CTFGym,20,2,2020-08-12 00:11:36.116871,2020-06-29T02:16:11Z,4
AigangNetwork/aigang-contracts,10,6,2020-08-12 00:12:25.749658,2019-03-18T12:26:27Z,25
Arianee/ArianeeMaster,18,5,2020-08-12 00:12:37.219983,2020-07-20T13:31:04Z,19
chronologic/chronos-protocol,10,10,2020-08-12 00:12:55.140830,2019-10-18T14:40:15Z,14
truffle-box/drizzle-box,230,11,2020-08-12 00:13:22.984338,2020-08-04T15:24:15Z,5
0xcert/ethereum-crowdsale,12,4,2020-08-12 00:13:53.950434,2020-03-25T19:52:35Z,4
christoftorres/Osiris,17,2,2020-08-12 00:15:52.307793,2020-08-04T14:41:20Z,181
NodeFactoryIo/solidity-node-docker-starter,46,4,2020-08-12 00:16:02.809552,2020-07-31T00:08:33Z,3
elixirToken/P2P-Payments-Demo,24,7,2020-08-12 00:16:26.360439,2019-10-17T15:39:23Z,1
gnosis/conditional-tokens-market-makers,14,6,2020-08-12 00:16:45.515479,2020-07-28T08:49:18Z,10
dirtprotocol/dirtoracle,15,5,2020-08-12 00:16:55.525270,2020-04-09T03:44:58Z,3
alpersonalwebsite/erc721-smart-contract,52,0,2020-08-12 00:17:18.542840,2020-07-21T08:01:36Z,2
christoftorres/HoneyBadger,20,3,2020-08-12 00:17:53.216090,2020-07-27T06:44:48Z,351
provable-things/truffle-starter,20,5,2020-08-12 00:18:29.471030,2020-06-26T00:47:19Z,3
wslyvh/ctor,12,1,2020-08-12 00:18:42.124744,2020-07-28T11:27:18Z,3
Turing-Chain/Honeypots-on-Blockchain,52,5,2020-08-12 00:19:40.866941,2020-06-15T00:08:17Z,13
hashgraph/hedera-services,25,10,2020-08-12 00:22:41.748702,2020-08-11T15:55:06Z,36
rwaltzsoftware-org/coffee-supplychain-ethereum,62,12,2020-08-12 00:23:00.210339,2020-07-17T08:45:49Z,6
dragonglasscom/smart-contracts,21,10,2020-08-12 00:23:45.205382,2019-04-21T13:49:38Z,20
NoharaHiroshi/upgradability-solidity-demo,44,3,2020-08-12 00:24:05.424927,2020-07-09T07:32:49Z,14
provable-things/provable-starter-kit,11,2,2020-08-12 00:24:21.092805,2020-06-27T17:24:57Z,4
arvindkalra/express-box,44,3,2020-08-12 00:25:06.840504,2020-06-10T09:40:03Z,4
AYIDouble/Simple-Game-ERC-721-Token-Template,22,1,2020-08-12 00:25:44.099405,2020-05-21T01:25:37Z,7
LandLayby/SmartContract,14,6,2020-08-12 00:26:35.655802,2019-05-04T07:45:31Z,8
thomas-waite/zkSocialRecovery,16,3,2020-08-12 00:27:00.761086,2020-05-10T20:00:05Z,5
gorgos/Highstakes-SmartRoulette,11,2,2020-08-12 00:27:11.272216,2020-07-11T02:59:29Z,2
BitScreenerTech/SmartContracts,13,0,2020-08-12 00:27:27.543028,2019-05-14T23:39:22Z,6
gavinandresen/thresher,13,2,2020-08-12 00:27:49.788495,2020-06-17T15:56:27Z,3
SimplyVitalHealth/drs,13,6,2020-08-12 00:28:29.787942,2020-03-05T07:32:28Z,3
iwaldman/ipfs-image-dapp,23,3,2020-08-12 00:28:52.019141,2020-08-09T08:04:24Z,2
acuity-social/mix-item-store,12,2,2020-08-12 00:29:02.341208,2020-05-06T08:14:44Z,9
nextyio/gonex,10,7,2020-08-12 00:31:09.829253,2020-03-17T07:15:37Z,18
Viewly/platform-contracts,14,6,2020-08-12 00:32:59.629952,2019-12-27T05:28:02Z,3
maddevsio/heimdall,14,7,2020-08-12 00:34:04.772529,2019-09-07T07:28:31Z,1
mixbytes/etherauth,13,3,2020-08-12 00:34:23.310259,2019-07-31T13:45:14Z,2
0xcert/ethereum-xcert,22,9,2020-08-12 00:35:09.899537,2020-05-15T06:34:43Z,14
gautamdhameja/simple-tcr,12,0,2020-08-12 00:35:18.770512,2019-09-29T19:53:58Z,3
DSiSc/contracts_library,10,2,2020-08-12 00:35:58.063799,2018-10-11T02:23:03Z,557
TovarishFin/smart-contract-boilerplate,15,2,2020-08-12 00:36:11.782846,2020-05-11T10:18:47Z,2
TokenySolutions/T-REX,20,11,2020-08-12 00:36:23.578797,2020-07-29T16:08:21Z,21
ramyhardan/proof-of-existence,11,1,2020-08-12 00:36:33.120269,2020-06-06T17:15:28Z,2
TRIPAGO/Smart_Contract,11,7,2020-08-12 00:37:01.842732,2018-05-29T08:10:11Z,1
emilianobonassi/gas-saver,26,2,2020-08-12 00:37:32.904140,2020-08-11T16:28:44Z,3
JoinColony/tailor,11,9,2020-08-12 00:37:55.655827,2020-08-11T16:19:41Z,3
yamarkz/solidity-design-patterns,11,0,2020-08-12 00:38:07.304200,2020-02-27T14:56:02Z,30
e11-io/crypto-wars-solidity,51,13,2020-08-12 00:38:25.238481,2020-06-17T09:02:37Z,16
NatminPureEscrow/Token,16,1,2020-08-12 00:38:41.308382,2018-12-07T06:19:50Z,2
convergentcx/milky-way,13,3,2020-08-12 00:40:15.534874,2020-07-25T14:13:22Z,17
skalenetwork/skale-manager,18,5,2020-08-12 00:41:17.701108,2020-08-11T15:50:53Z,47
Messi-Q/GraphDeeSmartContract,10,0,2020-08-12 00:41:46.953471,2020-07-08T05:15:21Z,555
cobraframework/cobra,39,3,2020-08-12 00:42:20.485107,2020-07-09T15:25:01Z,3
fubuloubu/pytest-ethereum-old,21,2,2020-08-12 00:42:44.416528,2019-04-10T15:37:12Z,1
ElrondNetwork/elrond-sdk,22,8,2020-08-12 00:43:01.239171,2020-08-07T15:16:20Z,4
0xcert/ethereum-dex,19,4,2020-08-12 00:43:44.621442,2020-03-25T19:52:31Z,6
jibrelnetwork/jibrel-contracts,12,10,2020-08-12 00:43:57.141730,2018-12-14T14:55:17Z,121
Finhaven/EthereumStatusCodes,10,5,2020-08-12 00:44:07.994149,2019-12-31T22:31:26Z,6
0xcert/ethereum-erc20,19,7,2020-08-12 00:44:22.063044,2020-08-07T18:40:36Z,4
Aniket-Engg/sol-profiler,19,1,2020-08-12 00:44:33.336785,2020-07-11T16:38:09Z,2
dapperlabs/cryptokitties-bounty-2,18,16,2020-08-12 00:44:50.097323,2019-09-15T03:29:40Z,5
bcnmy/metatx-standard,15,4,2020-08-12 00:45:30.865071,2020-07-14T18:47:40Z,5
rajeevgopalakrishna/Solstice,13,3,2020-08-12 00:46:02.467463,2020-04-02T02:12:31Z,43
mosaicnetworks/monetd,10,3,2020-08-12 00:46:49.402717,2020-06-09T03:25:02Z,6
bigbomio/BigBomTokenSale,10,7,2020-08-12 00:47:03.756067,2018-09-05T12:14:43Z,13
Dev43/ethinitium,10,8,2020-08-12 00:48:41.293366,2020-04-17T05:51:17Z,81
somish/NexusMutual,36,3,2020-08-12 00:49:08.120110,2020-08-10T15:48:14Z,45
ChainSafe/leth,15,5,2020-08-12 00:50:01.584155,2019-08-27T07:37:46Z,2
0xcert/ethereum,13,6,2020-08-12 00:50:41.487730,2020-03-25T19:52:29Z,26
drip-oss/llllll,11,4,2020-08-12 00:50:53.910657,2020-06-21T05:19:21Z,7
miguelmota/ethereum-checkpoint-git-commit,10,1,2020-08-12 00:51:09.087313,2019-09-16T15:28:16Z,3
0xcert/ethereum-zxc,13,4,2020-08-12 00:51:29.618809,2020-03-25T19:52:37Z,2
appliedblockchain/k0,56,7,2020-08-12 00:51:47.857482,2020-04-23T15:46:29Z,8
RUB-SysSec/EthBMC,12,2,2020-08-12 00:52:08.717288,2020-08-03T10:55:09Z,8
sapph1re/flight-tickets,12,3,2020-08-12 00:53:12.501986,2020-07-09T07:45:33Z,6
wighawag/rocketh,12,2,2020-08-12 00:53:25.120075,2020-06-12T09:06:36Z,2
tonlabs/ton-dev-cli,22,22,2020-08-12 00:53:40.782359,2020-08-07T19:21:21Z,1
DOkwufulueze/eth-vue,153,13,2020-08-12 00:54:07.307404,2020-08-08T06:40:57Z,11
CargoCoinRepo/Cargo-Coin,10,5,2020-08-12 00:54:27.718045,2018-10-11T23:21:54Z,2
bcnmy/mexa,11,4,2020-08-12 00:54:40.113307,2020-05-07T16:30:05Z,14
